link,writer,time,text,uEubGf,bC3Nkc
https://lh3.googleusercontent.com/a/ACg8ocJSeOgJT35aiZZy2tJkVXtNGrCNu6wy1dvJsgSjNwtke16oqA=w43-h43-p-rp-mo-br100,Cindy Beaudry,a week ago,"I really appreciate the great care from all of the hospital staff from triage all the way through my diagnosis. Everyone was very caring and although I didn't want to find out that I had broken my ankle, everyone was amazing and caring. Thank you very much to everyone including the security who was extremely helpful as well!",,
https://lh3.googleusercontent.com/a/ACg8ocKLJbWuEWlXsw0bVtPUBnuO88-B-Yta126A0i888qodPD-q4w=w43-h43-p-rp-mo-br100,Brandy Slater,a month ago,"My daughter had a CT scan here today!
We we're running behind and the staff at The Sherwood Park Community Hospital was more then accommodating! Juliana and Gordon were truly amazing they eased my ‚Ä¶",,
https://lh3.googleusercontent.com/a-/ALV-UjVVCJzH3pru4F0vXmOH4vA4d6jPTK9UP4pJGBLmDokV1nMCC5NVvA=w43-h43-p-rp-mo-br100,burntgrilledcheese,2 weeks ago,"On October 25, my husband took my sweet son on for a broken forearm. The nurse was named ""Sassy"" I believe. She was amazing. She had excellent patient care and- she gave our son a two-colour cast that impressed all the doctors at the ‚Ä¶",,
https://lh3.googleusercontent.com/a/ACg8ocJuyDbRCFVHQN08wYHcXvymIVpCdqWUKCRqjAVE6Pmgz69-Gg=w43-h43-p-rp-mo-br100,Mehak Gill,2 weeks ago,"Dr. Gordon‚Äôs hospitality and cheerful demeanor made a significant difference during my mom‚Äôs CT scan visit. His positivity instantly lifted our spirits, and we felt genuinely cared for. I highly recommend this hospital for its exceptional care and service.",,
https://lh3.googleusercontent.com/a/ACg8ocJMQspr_onSRnNwds64DyCmYWUF52uxIZYumiHksNQR72DcTA=w43-h43-p-rp-mo-br100,Mitchell Fraser,2 weeks ago,"My wife has severe chest and throat pain, sore back and stomach and fever, we came here on Tuesday with a 2 hour wait time, ended up waiting over 6 hours as we watched ankle sprains, and bruised shoulder,  and a kid on his phone in no ‚Ä¶",,
https://lh3.googleusercontent.com/a-/ALV-UjU1qWlo3IOnzFrYuZN56EGmOYMlFR95sH4yWpXEXBdEjxiwuIza=w43-h43-p-rp-mo-br100,Viv,2 months ago,I've been here a few times. I'll agree with some the staff were nice the place nice and clean. What was disappointing was if you were there with a child who was hungry all that there was there was vending machines with junk food. ‚Ä¶,,
https://lh3.googleusercontent.com/a-/ALV-UjXXbdlXwZ95DPSfDrOgOyBJr7eIXN6JCeUw7gWWpmTkcuGCgis=w43-h43-p-rp-mo-br100,Makayla Dayday,2 months ago,"The wait time wasn‚Äôt ideal, but a lot better than other hospitals. And I think we all know the wait times at emergency rooms aren‚Äôt great. Overall our experience was good, staff took us seriously, they were concerned and there was a lovely ‚Ä¶",,
https://lh3.googleusercontent.com/a/ACg8ocIT7e9PmS5YmFYJI5w4VXarm_YgUzcWqGjSGhQzNL911UX0xw=w43-h43-p-rp-mo-br100,Kirby Holroyd,2 months ago,"My mom is currently waiting on hour 5+ with dizziness, chest pain, and headaches. With an extensive history of strokes. The wait was approx 2.5 hours when we got there and still says it‚Äôs about 3 hours and yet she‚Äôs just left to suffer ‚Ä¶",,
https://lh3.googleusercontent.com/a-/ALV-UjUYAoKvulUUAGUQKfszHM9nLxosneJIGG-kjXxUTX65eNefrsmy=w43-h43-p-rp-mo-br100,Tyler Blakeney,a month ago,I've been struggling to get the healthcare I need without being cast as a med seekers for no reason for a week now going to Grey Nuns. I was brought into Strathcona today by ems because I was doubled over in pain at work so severe I ‚Ä¶,,
https://lh3.googleusercontent.com/a-/ALV-UjUs-UnbVxriHmJnKjgNwjnwnCdl1WpW-2BlRi7oBwZ1YMNONkY=w43-h43-p-rp-mo-ba3-br100,Braden Magnan,5 months ago,"I've been here a few times for various reasons, and each time I'm quite impressed with the staff and the facility.  It is a hospital, so expect a wait, that won't change with any other hospital.  Nurses have always been kind, understanding, ‚Ä¶",,
https://lh3.googleusercontent.com/a-/ALV-UjVYDCEqrxMxCCB-E8-J6aNwOUs8UPZVoo_hNTgCKQ7lI79sFbjBuA=w43-h43-p-rp-mo-ba4-br100,Lorraine Bouchard,2 months ago,"Came here today for a stressful and painful problem that ended up requiring a procedure with mild sedation, after expecting to be sent home with no help as I'd experienced before at other hospitals. Every single staff member along my way ‚Ä¶",,
https://lh3.googleusercontent.com/a/ACg8ocL0jdN0-Tv_YSDkU2i2Ve79QZvUtws3oi9eKPrlFvPY3qhrhA=w43-h43-p-rp-mo-br100,Kayne Kempton,3 months ago,"Well, where to start?  I think we all know that healthcare is functionally broken in this province for quick medical assistance unless one can afford private care or has celebrity status in some field. ‚Ä¶",,
https://lh3.googleusercontent.com/a-/ALV-UjUNPIK3LSNmFCMyM_FLhH8fddSy35nSfYpHDQWO-4TMVIxNmsCb=w43-h43-p-rp-mo-br100,Liera Libor,a month ago,"The staff and nurses were very nice but 1 person who stands out the most was GORDON from the CT Dept. He is exceptional, very accommodating and entertaining to all his/their patients. Couldn't say more but the he is the best, I was ‚Ä¶",,
https://lh3.googleusercontent.com/a-/ALV-UjXIXEVWb02YRaACdNuxPMkCLzBtvG2XMD58oOnvZBriWLvniGa5=w43-h43-p-rp-mo-br100,Cass H,6 months ago,"I‚Äôve been here a few times for various reasons, and generally always have had a good experience until today. I rolled my ankle on the job (done this a million times before) however I also twisted my knee and had numbness in my leg which is ‚Ä¶",,
https://lh3.googleusercontent.com/a/ACg8ocJTBNQ_7E5PwN57-dXeTCSji0AV_yoBpzN5bLALm0LUl6QgEg=w43-h43-p-rp-mo-br100,Tatjana Purkat,5 months ago,"This hospital by far has been the best one i have been to. The Doctor and my nurse i had were amazing. Dr. Austin amazing, caring and compassionate, we need more doctors like her. The young male nurse i had didnt catch his name was amazing as well.",,
https://lh3.googleusercontent.com/a/ACg8ocKy1zrYK-ES0scBOv_IEQjjmnYopkHq2yU0A_SSEAxBfk4mfA=w43-h43-p-rp-mo-br100,N G,4 weeks ago,"My husband got a CT scan with Gordon! Great easy experience, Gordon is super funny and quick! Got us in and out within 10 minutes of walking through the door! Thanks Gordon!",,
https://lh3.googleusercontent.com/a/ACg8ocIo8DXUZjj3uz0wyupYYv7mQCEjXTQqlAe88Lw9xCK2ircrUHo=w43-h43-p-rp-mo-br100,Jordan Pritchard,3 months ago,"The only good part about my time was the security guard who was incredibly sweet, got me a blanket and kept checking on me when i almost passed out. Other than that, I had a terrible experience at this hospital with a doctor who wouldn't ‚Ä¶",,
https://lh3.googleusercontent.com/a/ACg8ocKIpDRiGolbJGVGr3B71c_sw_t1MV6FSjyV6qecnPoatMY3mQ=w43-h43-p-rp-mo-br100,Rosie D,a month ago,"Staff, especially Gordon in CT, at the Sherwood park Community Hospital were super friendly. Gordon was insightful and entertaining. He helped ease our stress.",,
https://lh3.googleusercontent.com/a/ACg8ocKRaJTGyL9SjBosXONoHJrW7nTxUFs5jgtWWXfx01SDIhCjkg=w43-h43-p-rp-mo-br100,Danielle Pelletier,4 months ago,Was waiting to be triaged and a frantic mother came in with her young child. Her husband had been brought in by ambulance. She went to one of the triage nurses to ask how to get to her husband and the nurse completely escalated the ‚Ä¶,,
https://lh3.googleusercontent.com/a-/ALV-UjUui1xJPEOyRrGZbUIDI84J66K8fWRCRAX5f-UHO1qHibkJXffIoA=w43-h43-p-rp-mo-ba2-br100,Yuriy Kolegin,5 months ago,"Was there with pregnant wife with fever, fatigue and temperature 38.8C. In triage was told that temp is 37.0C. So we were waiting for 3 hours , after so long wait wife was feeling worse, my home thermometer showed 38,7C. I informed nurse, ‚Ä¶",,
https://lh3.googleusercontent.com/a-/ALV-UjV84Cjdx9G7FBqiafFZR7P7-gRUgQdeMf0i-crVuyuVxk2tgniM=w43-h43-p-rp-mo-br100,Jessica Dumont-Robertson,a month ago,"Was brought into emerge via ambulance with extreme chest pain. Was left in my room for hours with no one checking on me.  Was discharged after doing no tests, or even being examined by the staff. Ended having to go to emerge in the city for help!",,
https://lh3.googleusercontent.com/a/ACg8ocJTdChgL6W6wwuYECVilcBDRzB1DEXfo9R9Og7eRt0vyGZVFg=w43-h43-p-rp-mo-br100,Summer N,4 months ago,Absoloute joke of a  hospital! The staff are very rude and  unprofessional. I waited 2 hours to not even get to triage for pelvic pain and bleeding ( possibly iud misplacement) . Everyone got to go in before me for minor pain for examples headaches and mild problems. I would not wish this hospital on my worst enemy,,
https://lh3.googleusercontent.com/a/ACg8ocIbWvjbuH4qByI-rZ6P9N1YZoulaLq6kTz4XH4e5ppfm0LepA=w43-h43-p-rp-mo-br100,Aric Rawana,6 months ago,"The nurses and general staff are lovely, but the doctors alone make it not worth even trying to go. I went twice within two days to try and get help, seeing two different doctors and was treated rudely and even aggressively at times, and ‚Ä¶",,
https://lh3.googleusercontent.com/a-/ALV-UjU8f7BIoarUE7lHrjw-ta38pvnOtP-mYsIxNBcWVeUvSCEo2mpa6A=w43-h43-p-rp-mo-br100,Simply Gabriel,a month ago,"The wait time was way better than what was obtainable in the city of Edmonton. The staff were courteous and kind, didn't mind the distance and would visit again if I have to...",,
https://lh3.googleusercontent.com/a/ACg8ocJnC9jbzZEwmXF4oBI3regJdWmJUgk-U9H63Bl5EekxoGbRSw=w43-h43-p-rp-mo-br100,Sam,5 months ago,From the minute you walk in the front door to the end you are treated with respect and kind. The wait time is not that long and everyone is helpful and understanding. I want to say thank you to the nurses and doctors who helped us all through this difficult time.,,
https://lh3.googleusercontent.com/a-/ALV-UjW8jFhS6ShaO-JRZsQNNi1DuAWzsWZeA0wHLvw19pseyNHtat0=w43-h43-p-rp-mo-br100,AJ Falcon,a month ago,I'm currently out of town my girlfriend love of my life dislocated her shoulder got it taken care of was pretty quick fast forward to the next day needed an ultrasound done had to go in to emergency to get it done she has been waiting there ‚Ä¶,,
https://lh3.googleusercontent.com/a-/ALV-UjVRzODVFgmWZgFPw8ze5jtPD5qJz5gRH8yu7klrJ_WeUhc5OzuN=w43-h43-p-rp-mo-br100,Sigurd L,3 weeks ago,"Wait time was 30 minutes when I arrived. I waited 3 hours with still no sign of getting a doctor, so I left and went to another clinic. Staff was not helpful, and provided no information.",,
https://lh3.googleusercontent.com/a/ACg8ocLedpuXn0OmFu7JyZArgn8pAHRAkVjKRwZdtCdlEDouc8hNFw=w43-h43-p-rp-mo-br100,Mark Brown,2 months ago,"This hospital is truly a joke and should be one of the hospitals flagged for defunding. It is horribly managed and does not use any practical reasoning for patient triage, other then the doctors are to lazy to see patients. If we continue ‚Ä¶",,
https://lh3.googleusercontent.com/a-/ALV-UjU0I8vq4ne8nqRcI-xCMpO5S7vgzTTgwLpTbI06czmLYhwFtq4l3A=w43-h43-p-rp-mo-br100,Charmaine,9 months ago,"I went last night for chest pain due to heart problems.
The triage nurse took a while because it was 4 am and she must've been busy.
But the nurses were do kind and loving. They definitely saw me right away and ‚Ä¶",,
https://lh3.googleusercontent.com/a/ACg8ocKY1aRWKZS0qBtd2z5Cw9DCt0F--qIDRa_C7zjEfkVnOgeZ0g=w43-h43-p-rp-mo-br100,Kaylin Charbonneau,6 months ago,"From the minute we walked in with our 12 month old, we were treated fast and with kindness. He was lethargic and had a fast heartrate. The triage nurse took us straight into a room and within 20 minutes the doctor had seen us and ordered ‚Ä¶",,
https://lh3.googleusercontent.com/a/ACg8ocJM8sIEZvUENEPpW73BEoG9cpYB20q7z8gAtp0LETIKZ6HgTA=w43-h43-p-rp-mo-br100,Eat or be Eaten,6 months ago,Endlessly kind and devoted staff. I feel terrible with how busy it seems all the time. The wait time was frustrating but nearly every hospital will have a long wait time. The staff were always so kind and patient and ensured i was comfortable the whole time i was there. I will never stop appreciating the work they do.,,
https://lh3.googleusercontent.com/a-/ALV-UjWVBqV_AWLAjQomMhfkJ88eTZlzurXVkhd3fX99nzJwAGoepwzF0w=w43-h43-p-rp-mo-br100,Kakali Sarker,3 months ago,"They were gentle, I really had a great experience there. Hope to have more better experiences there if anything else comes. The staff were really nice too.",,
https://lh3.googleusercontent.com/a/ACg8ocLCPm3FvLqULhitjRM0qNBYs76BFYC-4nLYBLl_5kKgnoBE6Q=w43-h43-p-rp-mo-br100,Mattea Callihoo,11 months ago,"Wait time when we first checked was 3 hours and 17 minutes and we have currently been sitting in the emergency room for almost 8 hours now with little to no urgency however tons of chit chat and giggling outside of the room. In addition, ‚Ä¶",,
https://lh3.googleusercontent.com/a-/ALV-UjVxEunRxWKEwlTu60jge2V0i7hUARScfjwO1QBGvz4qDT23goPW=w43-h43-p-rp-mo-br100,Sidney Cannell,6 months ago,staff wasn‚Äôt very nice or accommodating especially when i had questions.  the girl who took my blood and the nurse was really nice though. overall one of the faster hospitals i‚Äôve been in.,,
https://lh3.googleusercontent.com/a-/ALV-UjW8nlSGAEHb30aSpQzApz-HUlfyYBCrjG1ScOanqupSw3z_0vQ=w43-h43-p-rp-mo-br100,Vem Weipert,10 months ago,"I've had to show up 2 times in the past 2 weeks due to hyperemesis gravidarum (bad pregnancy sickness).
They didn't make me feel bad one bit about coming in to get relief. (I threw up ‚Ä¶",,
https://lh3.googleusercontent.com/a/ACg8ocIYbeuaOkpdAAV_MhzDhIu7LR4oto4riapSOGBjVkiKwDtV4Q=w43-h43-p-rp-mo-br100,Candy Russell,10 months ago,"Very attentive staff, brought my daughter in to emergency and the staff were very kind & caring. Nurse Austin was absolutely incredible!! very professional, friendly & thoroughly explained everything. üëè we were in & out very quickly. Honestly one of the best hospital experiences I've ever had ‚Ä¶",,
https://lh3.googleusercontent.com/a/ACg8ocJivkaxZBBQonM7Ngq2Rq0IQmnzOU04YizW_yzmU_ezw3X2=w43-h43-p-rp-mo-br100,Liz buzz,a year ago,"Very sad experience!!!!!!!
I recently had an unfortunate encounter at the Sherwood park hospital. I found myself in considerable pain. After being placed in a room, I waited for an ‚Ä¶",,
https://lh3.googleusercontent.com/a/ACg8ocJOdc5XqzEWQsoKzncMw4N8huGAqGKe1smF8UbpTaxZVmHBdw=w43-h43-p-rp-mo-ba2-br100,Megan Mills,10 months ago,"Horrible experience.
I recently went in by ambulance with extreme abdominal pain. I have a complex medical history to start with. I also just had a stent put in from my kidney to my ‚Ä¶",,
https://lh3.googleusercontent.com/a/ACg8ocKp4kBIkoKLPbElCxEq3xwGhp7_XyrC9urpYh3CBGY9lZykpA=w43-h43-p-rp-mo-br100,Edwin Kiriama,a year ago,I came to the hospital because I suffered an extremely painful knee injury while playing basketball. I spoke to the front desk and they told me to wait in a line to see one of the front nurses. She basically just got my information and gave ‚Ä¶,,
https://lh3.googleusercontent.com/a/ACg8ocJeGJB-Ypl0asYVzZalMWeH6M8aqPZ1h_UQGBb7GHcKrYbj7w=w43-h43-p-rp-mo-br100,Cindy Anne Kooy-Hogg,5 months ago,The Nurses & Doctors were compassionate ‚Ä¶ as with all hospitals in Alberta they are feeling the effect of our Health Care System Not Caring ‚Ä¶ but the Strathcona Commuity Hospital staff are wonderful,,
https://lh3.googleusercontent.com/a-/ALV-UjXfocfnmlKKSgOpthVeC979wab7M0KUV8c1GL_nJoaaHsdn7pM=w43-h43-p-rp-mo-br100,Mela Rae,5 months ago,It was a long wait but the staff was phenomenal. Our doctor was amazing and the peace officer entertaining the kids and checking on everyone else was so kind.,,
https://lh3.googleusercontent.com/a/ACg8ocJLExJJXBUxkWCxWLlK88zmJQP7lbeufWPLKAtbjfRQnT8_uA=w43-h43-p-rp-mo-br100,L MB,a year ago,"Honestly I was so let down with the level of care ( or lack there of) my mother received at this hospital. She woke up one morning and could not really move her legs, it was so bad an ambulance had to come out and take her into the ‚Ä¶",,
https://lh3.googleusercontent.com/a-/ALV-UjWii5OilTe8_T7zDkxKH-FploSlMDaKU-u7bB6-1dDOD0qDHfFU=w43-h43-p-rp-mo-ba3-br100,B E,2 weeks ago,Kudos to Dr. Gordon in the Diagnostic Imaging Department. Great guy to the patients,,
https://lh3.googleusercontent.com/a/ACg8ocIS-Uhb56_GpxDWVjMGDqIpCycA8COpaIrMEbZWhjZFWBR6UQ=w43-h43-p-rp-mo-br100,Maranda M,7 months ago,"Saw MD Tubman in the ER on Apr. 26th, and I just wanted to thank her for her amazing care. I‚Äôve had many bad medical experiences lately with professionals in other hospitals/offices but she handled my ER visit with the utmost care, and I ‚Ä¶",,
https://lh3.googleusercontent.com/a-/ALV-UjUeKS-NWxmUdXBdeIUbc18k6insCqBzSs_ppwGC6TowlhW3J8G2Iw=w43-h43-p-rp-mo-ba2-br100,Jack,7 months ago,"This hospital is an excellent example as to why private healthcare is significantly better. When I first got referred here I was optimistic, but was quick to find out that it's more of a circus than a hospital. I'm speaking in relation to ‚Ä¶",,
https://lh3.googleusercontent.com/a-/ALV-UjXcqvvSjOGmuo75oUB0k0P-Ksj9dDbi3_1oDjqekBye8r36DB9z=w43-h43-p-rp-mo-ba2-br100,Nathan Ell,a year ago,"Absolutely fantastic experience at the emergency department. Yes, there was a wait, but the wait was reasonable for the reason of the visit and in comparison to some of the visible injuries of those around. The staff were incredible - the ‚Ä¶",,
https://lh3.googleusercontent.com/a/ACg8ocKtYwGL904kBVKnzfUT64dSaJCtlGTeJAeDhgEwAGEycfp4IaA=w43-h43-p-rp-mo-br100,Miss sada,10 months ago,I know wait times a long and I‚Äôve seen the reviews of people complaining about that but it‚Äôs not the hospitals fault. That‚Äôs our healthcare system. Go take it up with the government if that‚Äôs your biggest issue. I can see why it‚Äôs ‚Ä¶,,
https://lh3.googleusercontent.com/a/ACg8ocIPP-lgH6aOUfkl3v-mCvaoY19IsU52qnJWHnGCFYdCk38Rmw=w43-h43-p-rp-mo-ba3-br100,Shelly Weinmeyer,a year ago,I spent the night in emergency in July 2023. The staff were amazing!! The were kind and respectful and kept me supplied with warm blankets. The nurses and aides are very good at patient care. Thank you to all who looked after me. ‚Ä¶,,
https://lh3.googleusercontent.com/a/ACg8ocKTHRC3SJJFuZB4rf549P56XaUtBottMqGGZbsGNjdlFGhhuw=w43-h43-p-rp-mo-ba2-br100,Brandon Nemedy,2 months ago,"Staff was friendly, but I was waiting 7 hours just to get called out bsck
Waited another 2 hours and still wasn't seen by the doctor.
Will try my luck elsewhere tomorrow.
( wait times online showed 50 minutes)",,
https://lh3.googleusercontent.com/a/ACg8ocLXlqUZOT-GTvRndMZBnBwuOcW80_G4LFQ9pWDOG5TWzxADiA=w43-h43-p-rp-mo-br100,TJ Fuhr,3 months ago,"We have been sitting here for 6 hours and when I finally ask the nurse how many more patients were in front of us before we see the doctor, he said the doctor has already seen you! I said no we have not seen a doctor yet,‚Ä¶oh really he says‚Ä¶  how can they not know, we haven‚Äôt seen a doctor yet??",,
https://lh3.googleusercontent.com/a/ACg8ocIC1BWP4RgccmwfQmdwgH2EDJanaP1j8sEpfzn5yPzxXdn45Q=w43-h43-p-rp-mo-br100,rielly wayne,8 months ago,"Avoid this hospital at all costs. My fiance went suspecting of kidney stones and they determined it was her IUD embedded in her uterus almost perforating the walls, instead of setting up the removal with another hospital they discharged her ‚Ä¶",,
https://lh3.googleusercontent.com/a-/ALV-UjWs8QRV6CoQcbyzrGbuBJoIKfxVB5MtesCY2YI6VSj8s5BGT7Zd=w43-h43-p-rp-mo-br100,Ellen Weber,9 months ago,"After the wait was 8 hr, nurses assured me that was normal as some people had already been waiting without help for 10 hrs! Not a formula for growth or improvement or patient compassion. Told several times that nobody could estimate how ‚Ä¶",,
https://lh3.googleusercontent.com/a-/ALV-UjVtpLY6G0TY0ymCMyli61Rsyr43MLNTQOGbXsRWs7tIB_wiDp3c=w43-h43-p-rp-mo-ba3-br100,Deline Naidanac,2 years ago,Thank You All Healthcare Workers!! Had appointment to have CT Scan. Staff were very friendly  helpful & caring. Hospital is very clean unlike our current Government. Please keep up the good work here.,,
https://lh3.googleusercontent.com/a-/ALV-UjUWkIuT5dqWfA5_cgoAzsfz7XAkJ9hFYPzH3tyHwh34T5pquFaG=w43-h43-p-rp-mo-br100,Yasemin Kurt,6 months ago,"Awful emergency, absolutely terrible. Do not trust the estimated online wait times for this place, not even close to what it says online. Expect to wait a minimum of 4 hours in the waiting area. Don‚Äôt get too happy when they take you to a ‚Ä¶",,
https://lh3.googleusercontent.com/a-/ALV-UjVAuCmHHfdAj62swiyANVIfizAmADADbTVmpX61X71yQgRDIY2F=w43-h43-p-rp-mo-br100,Cory Cormier,10 months ago,"If I could rate zero I would, shame on this hospital for neglecting my pregnant wife, receptionist was rude and coming off racist. Waited for a doctor to come in the room after 6 hours!  not one person came to check in on her, hasn't eaten ‚Ä¶",,
https://lh3.googleusercontent.com/a/ACg8ocLkEEe3PO4QM9ukiTP4rScUzElmtxtpt_ad4JaackU10fQOGA=w43-h43-p-rp-mo-br100,Yvonne,a year ago,"I arrived by ambulance and the attending Dr., nurses, respiratory therapist, x-ray technician and anesthesiologist were amazing. Very professional, thorough, efficient and friendly. They explained my injuries, everything about the treatment ‚Ä¶",,
https://lh3.googleusercontent.com/a-/ALV-UjWCvDIM7-2W8Gea3G7QwHTGH8e3RRPDkhoGNGFuNTa_8zm4CWo=w43-h43-p-rp-mo-br100,Destiny Cappo,8 months ago,Best hospital ive ever been to. Got my tests and diagnosis faster then anywhere else. They treated me very respectfully. The doctors r very kind. When it was time to leave they gave me a buspass and number to call on demand bus. The on ‚Ä¶,,
https://lh3.googleusercontent.com/a-/ALV-UjXS2NApz-228sY_h6YNSXFOdCwg365uJrxMFFvz6i4RAeHubwIV=w43-h43-p-rp-mo-br100,Drea A.,a year ago,"Went in with chest pains. They did blood work and an ecg before I even got a bed. The doctor was able to see me with all the tests already done which saved so much time. I was there for less than 3 hours. The staff was amazing, kind, ‚Ä¶",,
https://lh3.googleusercontent.com/a/ACg8ocI6tC63f5jSTaGPsnZlaF0QcSlXtG80c6hVrrlJS0sa3QcFPA=w43-h43-p-rp-mo-br100,Emma Coulson,a year ago,So Iv come to this hospital thinking I may have tss which is very severe and deadly I had chest pain and was very scared overall. No kind words or anything I‚Äôm not expecting special treatment but it was ridiculous there are a bunch of ‚Ä¶,,
https://lh3.googleusercontent.com/a/ACg8ocJxgh6t0rQMT6eTUAe0te4TXVwN0cB7NDNnXFRLVIri8HNnFQ=w43-h43-p-rp-mo-br100,Jessica Weller,a year ago,"Dr. King at the ambulatory care clinic is amazing. I'd seen other specialists in Edmonton who barely gave me 5 minutes of their time, even after treatment options had repeatedly failed. Dr. King spent considerable time getting to know my ‚Ä¶",,
https://lh3.googleusercontent.com/a/ACg8ocIUGxLwDm7A7qmSnM6oqoUhSyQvySGUctkGvO9Y9HEfgExFcA=w43-h43-p-rp-mo-br100,Samantha Eldridge,a year ago,"I brought my toddler into the emergency due to asthma, we were greeted warmly by the peace officer working, everyone had smiles on their face and treated us with genuine warmth and care. ‚Ä¶",,
https://lh3.googleusercontent.com/a-/ALV-UjVJgYbWeD-816TbJLRhe7UtNvChP3zooUcHa-NEC8js5hD5YZA=w43-h43-p-rp-mo-ba2-br100,Yuliya Tint,a year ago,"We brought our 1.5 years old daughter to ER today as we were concerned with her not taking in any liquids. We had amazing experience today, starting with the most pleasant triage nurse who has been wo kind and patient with the little one, ‚Ä¶",,
https://lh3.googleusercontent.com/a-/ALV-UjUkKpiM9XsWURLkKuFJB-AzNHb56KO9ypWqCXV6vzpsixLSMbsp=w43-h43-p-rp-mo-br100,Zenthis Gaming,11 months ago,"Garbage medical staff. Had an incredibly painful sore throat, went into emerg and waited for 4 hours to see a doctor, they did a swab to confirm it wasn't strep throat and sent me home saying they would call if it was strep and I needed ‚Ä¶",,
https://lh3.googleusercontent.com/a/ACg8ocJsra3BcKEUYrNB2CCETtBlD1LHH4oKI4DtwtLNWJOTLBPP9g=w43-h43-p-rp-mo-ba3-br100,Jason Kinsella,7 months ago,"I am very happy that no matter what is happening, you can go to any Hospital see a Dr. Or combination of people and despite the wait time, YOU will never get a bill. I went for shoulder X-rays after falling at an event, a.few hours but this is a hospital, not your personal clinic.",,
https://lh3.googleusercontent.com/a/ACg8ocLmxmWGITGAJ2azR7j0tJ550QZ3TeMiilLvS_xo5MISuxxU4A=w43-h43-p-rp-mo-ba2-br100,Robin Harel,9 months ago,"I would like to thank the wonderful, caring Dr.'s and nurses I saw today.  From triage, staff nurse, Intern and the  ER. Doctor.  You should all be so proud of the great care you are delivering in these trying times of cutbacks.  Bravo!!!",,
https://lh3.googleusercontent.com/a/ACg8ocIPlP-BGm8XGeNsxh6llFkBg-nuNo8X7kZU9WbaE7purCkvV_-I=w43-h43-p-rp-mo-ba3-br100,Lorie Schwabe,2 years ago,My daughter went to the community hospital yesterday with a head injury.  The care and concern she received from the moment she walked in the door until she was able to leave was excellent.  The screener and the security guard were thorough ‚Ä¶,,
https://lh3.googleusercontent.com/a/ACg8ocIK6qMKavrnY7Hw_Br3fjmEC9sJLiJ_suE53PF2lHr4Zu30dw=w43-h43-p-rp-mo-ba3-br100,Katelynn Halter,4 months ago,Have had to use this hospital a couple times and its always been horrible experiences. The staff absolutely have no hearts.,,
https://lh3.googleusercontent.com/a/ACg8ocLVinG8mLAloOtb9deZfJGBuHcF4EGT_qVejD7l3QrS6Yq4dw=w43-h43-p-rp-mo-br100,Lyndsay Perham,a month ago,Had a ct scan this morning. All of the staff were so lovely and helpful.,,
https://lh3.googleusercontent.com/a-/ALV-UjW6AgYfWxjvurEsVKXkWIK2Mpp5UkAYsZfWxVJ5zEu5w6I8gZgEbQ=w43-h43-p-rp-mo-ba3-br100,Xavier F,2 years ago,I'm diabetic and went here today to get diagnosed for an issue I was having with my eye. I was here for an absolutely ridiculous amount of time... approximately 8 hours from 12:15pm to 8:15pm. I spent 5 hours in the green waiting area and 3 ‚Ä¶,,
https://lh3.googleusercontent.com/a/ACg8ocL178hi_bY8oaEm4nJkw2UO_j-wySbkhMAeSZe6P1FynBOPLQ=w43-h43-p-rp-mo-br100,Danielle Brophy,2 years ago,"Very compassionate and caring staff. They made one of the worst days of my life a lot more comfortable. My nurse and doctor were wonderful and helpful. Although the waiting room was packed and people were complaining, the staff were still ‚Ä¶",,
https://lh3.googleusercontent.com/a-/ALV-UjXIAsz-5kNxqDgKFVBypuko7mjrR-BR1LO9ciAMvMg6Zo6IjN8=w43-h43-p-rp-mo-ba2-br100,Lori Meek,7 years ago,I went to the emergency room with my daughter after she hit her head. The staff were amazing. They were friendly and offered us fresh ice when ours melted. After we were put in a treatment room the nurse there brought my daughter a warm ‚Ä¶,,
https://lh3.googleusercontent.com/a-/ALV-UjUCg6Dr_GvBbPYmaLMlYK6gFHk4HG4Q6gmP_98lKveCcNlvdJM=w43-h43-p-rp-mo-ba4-br100,Katrina Poon,3 years ago,"My triad of registered nurses are very nice. Got me ice cold water when I was thirsty. Checked up on me while I was in there today. 6 to 7 hours in the hospital. The male doctors were also very nice and pleasant, good bed manners. I would ‚Ä¶",,
https://lh3.googleusercontent.com/a/ACg8ocKA5HTpWuLDyXGDyUlyMKvhaFlIdKnML9Wg_T5ESlvlSL6_9dw=w43-h43-p-rp-mo-ba3-br100,Big Momma,a year ago,First my son's head was bleeding for almost 9 hours. A nurse finally noticed and got us in right away for stitches. She even said it he should've been put in right away... Now my husband has a serious flesh wound / flapping skin and bleeding through his bandages and has been almost 6 hours. What's wrong with this place??,,
https://lh3.googleusercontent.com/a-/ALV-UjXVs6AywBB49cfxmV-kWn9P_W2XMHZgD-A4pyqmsmulKkPJTKp6=w43-h43-p-rp-mo-br100,Kevin Supple,4 months ago,"This place is so un organized it's not even funny ,do not go into the doctor waiting room until the doctor is actually ready for you ,otherwise you will be waiting 2 hours for them to give you zero info",,
https://lh3.googleusercontent.com/a-/ALV-UjUXNluCMBpA6s9gACBac6X3ohGOoECgmrX7Jc3A-pckJxZlKqdK=w43-h43-p-rp-mo-br100,Simon T,11 months ago,Amazing staff!!! My mom had a serious case of Pneumonia and the staff treated it with the most urgent care. Very lovely people. God bless.,,
https://lh3.googleusercontent.com/a-/ALV-UjVj9BIKiaRuVm-bMHrcvHPVlGcZSZOXAsMTZPYm0qAR0p6O9aHu=w43-h43-p-rp-mo-br100,Abbey Axelsson,2 years ago,I feel like people often neglect to share good experiences as much as they do the bad - especially when it comes to healthcare - so here I am to balance out the ratio :) ‚Ä¶,,
https://lh3.googleusercontent.com/a/ACg8ocJeP1pALN3Kdx0cusCa9GcoFsTWLot9I1uZMPChz-8x37pO2A=w43-h43-p-rp-mo-br100,Phil Plummer,a year ago,"Right from the administration clerk to security the x-ray technician, nurses Cloe, Marie and Dr Singh, these people are great. Yes wait times do exist but that isn't a control factor the facility has. ‚Ä¶",,
https://lh3.googleusercontent.com/a-/ALV-UjXy6q1tgsikVvtbPulK5KqBgU7gxmSYWUV9PtRAShH_kfnz8SGr=w43-h43-p-rp-mo-br100,Vitric,a year ago,"There are no options for immunocompromised or high risk individuals to be treated safely. They do not allow you to wait in your car and they do not have the room to space individuals 6 feet apart from each other, meanwhile sick people ‚Ä¶",,
https://lh3.googleusercontent.com/a-/ALV-UjXLTrKd6XQ9PMbInTcTln6qoZm7yxBlEfU9wHlXuLqMJHuZ30x-=w43-h43-p-rp-mo-ba4-br100,Chrissy DC,3 years ago,I would like to extend my sincere thanks and appreciation to all the nurses and doctors (Dr. Sarah R.) who work here. They made sure that every thing is okay before they discharge me. This was my second emergency visit here and all the ‚Ä¶,,
https://lh3.googleusercontent.com/a/ACg8ocKCiNz0Rg2nc_EbFP9xlW8oPfmH26Ib3Yw8ty89Rbvi0GP4mA=w43-h43-p-rp-mo-br100,D,2 years ago,An absolutely horrendous healthcare facility! The staff are the epitome of zero time management and patient attentiveness/awareness. When looking online it gave me an estimated waiting time of 2 1/2 hours and I ended up being there for over ‚Ä¶,,
https://lh3.googleusercontent.com/a/ACg8ocLm98_hb9bJ4-kI7HfWNoBdPqSWBCxzT1PQuah1w1j6uztndA=w43-h43-p-rp-mo-ba4-br100,Richard Yuen,3 months ago,"Nicest hospital, clean, very modern, friendly support staff.  Amazing healthcare and treatment.  Thank you",,
https://lh3.googleusercontent.com/a-/ALV-UjXGYGI5hYldJrcFPEmEy-S9dr5jtmiyL9ucT9zecfnmvhVnbPWMew=w43-h43-p-rp-mo-br100,Michael Miller,6 years ago,"I am not normally one to write reviews, but in this case, I felt it necessary to review for such an extremely positive experience.  I have been helping my 82 year old Father-in-law for the past year with his many trips to the hospital, ‚Ä¶",,
https://lh3.googleusercontent.com/a/ACg8ocKkeenDqfjQnRv5zmtpoVS7LzvrM6MM6yqFP9N2hsc0iEN3RA=w43-h43-p-rp-mo-br100,Steph M,7 years ago,"I recently went to the Strathcona Hospital ER when I was in the early stages of a miscarriage. Even though we were the only ones in the waiting room at 3 in the morning, we still waited about an hour and a half to be seen after triage ‚Ä¶",,
https://lh3.googleusercontent.com/a-/ALV-UjVNwvmMyIARHEejrubexpHjNzUSUJdjIbqnb-xaiP0Jywp9IX5z=w43-h43-p-rp-mo-br100,Alberta Jon,3 months ago,People are nice. Everything is slow. Be ready to wait a long time in a shitty chair.,,
https://lh3.googleusercontent.com/a/ACg8ocLExGqx3GCXaBi-CI5yqO6ohpPB5weW6KuBTPUyF8Y4blP07Q=w43-h43-p-rp-mo-br100,anonymous,2 years ago,"By far the worst hospital I have ever been to. Staff, particularly the nurses are incredibly rude and have 0 sympathy. I have been here several times, and in one instance, as the nurses were wheeling me for an X-Ray they were quite ‚Ä¶",,
https://lh3.googleusercontent.com/a/ACg8ocIMFc-ujEbYR74ey74Q63xPvZwrciiP2d0_C_Wz7n4ZjzybEoE=w43-h43-p-rp-mo-ba3-br100,Matt Strong,2 years ago,No one ever wants to go to the hospital yet on Canada Day. Want to say the staff and care was outstanding would surely go back if we need to. Wait time seemed pretty reasonable with a full waiting room. The doctor was excellent. Sorry I forgot his name. Very happy with our experience.,,
https://lh3.googleusercontent.com/a-/ALV-UjXUV7zrOmS4eiWsksuhZxRKuwBo2PU0cdyf3AjPD0E1ZfhwbZg=w43-h43-p-rp-mo-br100,Christine Beland,5 years ago,"I‚Äôve been to this Emergency Room twice in the past two years and both times I got exceptional care from the EMTs, nurses, doctors, and specialists involved in my care. From quick service to politeness, I received it all. It wasn‚Äôt an in and ‚Ä¶",,
https://lh3.googleusercontent.com/a/ACg8ocI8JHJixACNkL87zSJ-2PXqbW1cTVc9sZ6jBgG3s4Ce32r7eQ=w43-h43-p-rp-mo-br100,Joel B,2 years ago,"Yes, there are fairly long wait times, but what hospital doesn‚Äôt have those? Besides that, all of the staff from the receptionists to the nurses to the doctor I saw were all excellent. Knowing that long wait times are a given at every ‚Ä¶",,
https://lh3.googleusercontent.com/a-/ALV-UjVndV4v8VyZoQXQGT5N7MF6wSVo__4DLAL4VcqAi61zNA3zDyc=w43-h43-p-rp-mo-br100,Kevin W,a year ago,"My wife had to come to treat a broken wrist and the staff were amazing.  They were kind and understanding and we really appreciated all of their care.  We are very thankful, we have this hospital in our community.",,
https://lh3.googleusercontent.com/a-/ALV-UjXRvJ62N-2XQmT9437pNeWfGgJ0_tHMBWBoK_EUQcO577ab3LXV=w43-h43-p-rp-mo-ba2-br100,S Khan,5 years ago,Brought my daughter here today because her doctor insisted we take her in to get her abdominal pain checked out. Literally waited here for 4 hours and got nowhere. There was zero patient care and zero empathy. Leaving here now and going ‚Ä¶,,
https://lh3.googleusercontent.com/a/ACg8ocL9nrnZ-mx86JHsbTnezG3z7mHtWyvtRx-x-15HtqOWwTosVlWu=w43-h43-p-rp-mo-br100,Ruth atsbeha,2 years ago,"I went to this hospital for IV therapy, today was my second day, my appointment was at 8:30 pm. That's when i had the most amazing, caring, and passionate RN I have ever seen. Her name is Andrea. Thank you so very much for the treatment, love and care you showed me. Thank you.",,
https://lh3.googleusercontent.com/a-/ALV-UjX3c-kwZb9_R9SgEs98E4cP4OHJoaSvDttA2vqv53ZC5ge1IJjKbg=w43-h43-p-rp-mo-ba5-br100,Ley Tran,6 years ago,"I have been here twice in 6 months. Despite the extremely long wait times, I'd have to say that the facility has always been clean and the staff have been friendly. They don't push you in and out - they really take their time to sit with ‚Ä¶",,
https://lh3.googleusercontent.com/a/ACg8ocJi1VHq7K0aqE9c5TeqqVnGgC1sajZrHcRo0iMiasAy5mfrNA=w43-h43-p-rp-mo-ba2-br100,Tyler Richardson,a year ago,Horrendous wait times went in with a hernia that is killing me. They didn't offer any pain meds or gravol. No one checked on me for my pain and waited over 5 hours (in enormous pain) before having to leave to grab my daughter. Very very bad ‚Ä¶,,
https://lh3.googleusercontent.com/a-/ALV-UjXbpp3E05rwW6viScHd4UDT8tPqdLeW0zb7gJSTmf4w23343j8U=w43-h43-p-rp-mo-br100,Rheanne Nicole,5 years ago,"Saturday afternoon I took my husband in to get stitches on his chin - everyone was super accommodating. Staff kept apologizing for the wait (2.5 hours) which we thought was totally reasonable. The staff took the time to chat, put up with my husbands joking around, the doctor was super friendly as well. 10/10 would come here again ;)",,
https://lh3.googleusercontent.com/a-/ALV-UjUS4h-Ao2ueIUw309iczJMruRrQENGkgtUJ8epziuyAoOBdbMbU=w43-h43-p-rp-mo-ba3-br100,Nic Ross,6 years ago,"Went this evening as I have been experiencing unbearable, sporadic pain in upper back, chest and abdomen . It's a solid 9/10 on their little pain scale when it flares up. Excruciating. ‚Ä¶",,
https://lh3.googleusercontent.com/a/ACg8ocKRAMTFH9nReir_9vY0c0qblQtkj62-wzVCAmZ9B5mlG6smc6B9=w43-h43-p-rp-mo-ba3-br100,Kerry Pitt,3 years ago,"I took my wife for a Cat Scan yesterday morning. We arrived at 7 am and they had a screening table up, as they should, but the young lady asked nothing of us. She did not seem to understand what she was supposed to do. Is this because ‚Ä¶",,
https://lh3.googleusercontent.com/a/ACg8ocITn9MMVklgIclv_67tm47WiVqOg-Ef0mY95JYttAXpYVhyAQ=w43-h43-p-rp-mo-br100,Myah Lee Pietruszka,2 years ago,"Worst emergency hospital I have ever been too. Brought my toddler here with a horrible sickness to get told it‚Äôs just a viral infection and they send her home with an inhaler. 1. She‚Äôs a toddler, not going to use an inhaler and 2. When a ‚Ä¶",,
https://lh3.googleusercontent.com/a/ACg8ocJasQ9itP-m14YXWK-up4E8Q7iPgbTdMCg0KwvoVkqz7dB58w=w43-h43-p-rp-mo-br100,Tianna Tenney,2 years ago,"Had a CT scan appointment at strathcona community hospital, today june 24th at 130 pm and the staff that are working (sorry I was unable to grab all the names) were extremely friendly. The 5 people I interacted with were all very personable ‚Ä¶",,
https://lh3.googleusercontent.com/a/ACg8ocJSDneOWkxZgnGL41fbx8gFaU4eIgtFpFe9ralDkWw05XO_bQ=w43-h43-p-rp-mo-br100,jd evs,2 years ago,"Wait time typical as always. Elderly gent across from me in wheelchair I think was forgotten about. I was there for a sprained foot, can't really walk, no compassion when my turn to go see doctor. Guy walks way ahead of me like he's in a ‚Ä¶",,
https://lh3.googleusercontent.com/a-/ALV-UjVWf6WJ1XCc8MYI5NJ1qGUy6qNiNb8CshApBoaO0x8WXvt9TP0=w43-h43-p-rp-mo-ba3-br100,Dan Martin,8 months ago,My wife had the worst back pain for months so bad she could barely sit or stand but was mis-diagnosed with mechanical back pain. One day when it was exceptionally bad we went to the ER. Her BP was 188/114 on triage and wasn't even ‚Ä¶,,
https://lh3.googleusercontent.com/a-/ALV-UjX0Pbtah5bnoimJ0I893LOFIV9XOFETCUYNcbAxmn2bUA4UksV-fg=w43-h43-p-rp-mo-ba4-br100,Shishir Dhungel,5 years ago,"So many happy faces in this hospital!
usually you never see people smiling in the hospitals. But this one was different. I was there for the first time to do my CT Scan. I was warmly welcomed by ‚Ä¶",,
https://lh3.googleusercontent.com/a-/ALV-UjX4NA9FkvxNm5VxKf6BBu9JxdGmqvBOUi0pb_6b_fepI4xfpXHE=w43-h43-p-rp-mo-br100,Aditya Kumar,2 years ago,"Never going to this hospital again. Reached here at 10:30pm and had to wait for around 4 hours in the waiting room. When they called me inside, the nurse attending me was extremely rude. Asked her for an extra blanket because i was ‚Ä¶",,
https://lh3.googleusercontent.com/a-/ALV-UjVw1YD51MGpCc-XMa_fCiVsqi3Xv4Un39bwp8vf6H7c0zVV0D_9=w43-h43-p-rp-mo-br100,snakeoids,6 years ago,Brought my daughter here with acute breathing problem.  Buddy told me on the way in that he‚Äôs been waiting for four hours and no movement in the waiting room.  I talked to triage nurse about this and she said no problem.  We would be ‚Ä¶,,
https://lh3.googleusercontent.com/a-/ALV-UjVRgfwF_mDMgBzNbCMxUcfQqakvOVD2UQBAAp1FlxxptbqtMzk1=w43-h43-p-rp-mo-br100,Cheryl Moffat,2 years ago,"Just wanted a big shout out of appreciation for Dr. Sarah Roshko,  the nurses and admittance clerks all at the Strathcona Community Hospital! Your compassion, kindness and concern for my son today was beyond appreciated. As a mom you warmed ‚Ä¶",,
https://lh3.googleusercontent.com/a-/ALV-UjVB07l9tH2QguZpNba6dIJVO4QaW4m7xYav7mGQueSbyRiQz2Ah=w43-h43-p-rp-mo-ba4-br100,User,2 years ago,"Best hospital in Edmonton.

Lovely staff here! I‚Äôve had poor experiences in the past at the UVA Hospital and ‚Ä¶",,
https://lh3.googleusercontent.com/a-/ALV-UjVJW-hr3vPjrqkKl4IwiaIO8Ua0l9v5Qa3OT5HDFP10T6z3rFk=w43-h43-p-rp-mo-br100,K Ma,9 years ago,"DO NOT GO HERE. I just walked out without seeing a doctor because of the terrible treatment I got. I got there at 12:30 to see a doctor for a packing/dressing change on an incision from Tuesday. The front end staff were great, very friendly ‚Ä¶",,
https://lh3.googleusercontent.com/a-/ALV-UjWusKCs8JeV3ExpjztPNldHBYTHtyIjVM7FaE3VaK2AwfGhD24=w43-h43-p-rp-mo-ba3-br100,Mary Ann Albers,11 months ago,Do NOT come here if you have a concussion or other head injuries. Wait times are over 6 hours.  People with runny noses get a higher triage rating. ‚Ä¶,,
https://lh3.googleusercontent.com/a-/ALV-UjX05GqZ_QEVEcL_2BkxpC8ISc_16ABVBk3GJapc3JYHX1qc3mA=w43-h43-p-rp-mo-br100,Mona Paquin,6 years ago,I will never come back here! Triage nurse was snarky and gruff and treated me like I was a nuissance. Only one other person in the waiting room. I was in the most pain in my life and didn't get any pain medication for 7 hours! I was close ‚Ä¶,,
https://lh3.googleusercontent.com/a/ACg8ocLpyPV3tKBG6Wt-ho8TyDxbXw77BVKQIUEGTiz7wFRXMU8_KmA=w43-h43-p-rp-mo-br100,Samantha Ebertz,5 years ago,"I have maybe visited this ""hospital"" 5 times since it has opened and every time I go my experience is worse. The nurses do nothing but complain about how busy they are to their patients. They are rude and seem annoyed if you have questions ‚Ä¶",,
https://lh3.googleusercontent.com/a-/ALV-UjVtHkXT6eHlTasx8sqBNBOwiItErBhow93TUdnev3_JFuTJJg8=w43-h43-p-rp-mo-br100,Carolyn Krull,10 months ago,Dr. Hillary is amazing! Went above and beyond for me. All the nurses from triage to bedside (Kyra) in the emergency dept are all awesome üëå Thank you. ‚Ä¶,,
https://lh3.googleusercontent.com/a-/ALV-UjUMRbwsWmCf5kWfUs_66Vxin6Zeu1jZ7ifQG_Gd06qKbEi8x7-8=w43-h43-p-rp-mo-ba2-br100,Veronika Volition,4 years ago,"I am forever grateful to this hospital! I went to emergency and thanks to the emergency physician Kevin..we got to the bottom of my debilitating anxiety. I have gone to so many professionals for assistance with this issue, and my family and ‚Ä¶",,
https://lh3.googleusercontent.com/a/ACg8ocLmjxySZUzvaW3vOGUCBtdjUl0PSwwcIeW8epR7X42d9T-aiA=w43-h43-p-rp-mo-ba2-br100,Lizzy F.,4 months ago,I got yelled at and almost kicked out by a security guard because my finger (which was severely infected and what I came in for) got bent backwards.,,
https://lh3.googleusercontent.com/a-/ALV-UjUW-RpmJaf4tFZ5AtCNzTHRQqbjNtmzuYtg8f7eUMor7LRO9O8=w43-h43-p-rp-mo-br100,Sherri C,5 years ago,"My last CT scan at a different hospital last year was not the greatest. Staff were not very friendly, just cordial but I guess in an ER you get a lot of unhappy people coming in so I gave them a pass. After the CT however, I needed help to ‚Ä¶",,
https://lh3.googleusercontent.com/a-/ALV-UjUx82oTwTolxH2F8AcfVmElaV2PoqUy8Az0t5wSPSrQNi1l9YLj=w43-h43-p-rp-mo-ba3-br100,Baka Universe (Baka),2 years ago,"I've never been to a hospital. But I came here at 8:40 pm with some heart pain that has been going on awhile, worried me so I wanted to get checked out. As I'm writing this, it is 4:20 am. I was told at 2 am a doctor would be with me with ‚Ä¶",,
https://lh3.googleusercontent.com/a/ACg8ocKnlKtU8JmlShUt-7zquCDyY1znno_3_jRuJopkGDOaaMS2VQ=w43-h43-p-rp-mo-ba3-br100,Pamela A,6 years ago,"The hospital was new, very clean, clear directions and free parking. The staff were very personable and skilled.  I felt comfortable and respected by everyone.  There was not a wait time and my needs were attended to in a professional manner.   Overall, the most positive hospital experience I have ever had.",,
https://lh3.googleusercontent.com/a-/ALV-UjVuecQHa_GO0P1AIRLYwYhucKTGMUebtMfVdeHTTT7DhrhpKj9d=w43-h43-p-rp-mo-br100,Hamza Hemazh,a year ago,"This hospital was only made for a white people. If your name is Mohammed don‚Äôt come to this hospital. I have been waiting for seven in bed, and the doctor did not come to see me my nurse is very aggressive with me the racism I am getting ‚Ä¶",,
https://lh3.googleusercontent.com/a-/ALV-UjX0cEmGetVXLIzBuOfnqvgEIWW-6UCNPUl9pNofnSVsn-raWaI=w43-h43-p-rp-mo-br100,Adam Sigaty,4 years ago,"The emergency branch is the definition of a joke, the longest wait time I personally have ever experienced while being in the emergency unit was 4 hours. I thought it was supposed to be the emergency unit??? Their wait time is some sort of ‚Ä¶",,
https://lh3.googleusercontent.com/a-/ALV-UjWS8iaxpShCycBZEcjtgqjI2nSz1LUU8kOeu86dpJWGyr7o5d8=w43-h43-p-rp-mo-br100,Francesca K,5 years ago,The care here is amazing. The staff went out of their way to make our baby comfortable and us as well. The EMS guys even gave our little guy a teddy bear to cheer him up  They triaged us and had us in within 10minutes. Dr was in within 20. Over all great care and caring staff for a very sick little baby. Thank you,,
https://lh3.googleusercontent.com/a-/ALV-UjXng7UelCHyq7VDg0dhNkPpT7g2ATH-2eVk76WjIp0dimT2xRw8=w43-h43-p-rp-mo-ba4-br100,Amanda,6 years ago,"Went the ER because my boyfriend fell and slipped his head. I asked the girl at the patient registration what the average wait time was right now, she said I don't know. You'll have to ask the nurses. Not very polite. So I ask the nurses ‚Ä¶",,
https://lh3.googleusercontent.com/a/ACg8ocKgERUOUk7pHHy1kyT0k0E8Sh8jMoR7nrasLFllXDp-Hl_Qkg=w43-h43-p-rp-mo-ba3-br100,Ed,3 years ago,"Wait time is long.  Don't be afraid to pop out of your triage room to ""use the bathroom"" and conveniently ask how long it usually takes for wait times, if you need urgent care or are in severe pain.  Doctors seem to know their stuff.  Got ‚Ä¶",,
https://lh3.googleusercontent.com/a/ACg8ocJ5s9P2Aq4oztiLXJ5kQAU7Lf6isLDwArQprWiSkNHNEOsHwdI=w43-h43-p-rp-mo-ba3-br100,Joshewa McKeever,5 years ago,"They took us in quickly, were very friendly. However we've now been in this hospital for over 15hours with absolutely zero answered, absolutely zero meals, absolutely zero drinks. We should have just stayed home, atleast at home we could have eaten, drunken, and slept in comfort and we'd know just as much without these ""doctors""",,
https://lh3.googleusercontent.com/a/ACg8ocKd0x4MQHqD8G0DAf6CL-fX4041iBIvoc6ISeMkAvh0QAysI3o=w43-h43-p-rp-mo-ba2-br100,Gideon Bellens,8 years ago,The worst emergency room ever. I took my wife to see a doctor around 12am. The wait time on the website was 30 minutes so I was hoping we'll be in and out in about 2 hours. The nurse at the triage was very rude and unprofessional. First of ‚Ä¶,,
https://lh3.googleusercontent.com/a-/ALV-UjXLyNzAkJAE1pzn0r2Tcwy-5kB3oUf0-uN2Gno1jn2NRQrXGQ=w43-h43-p-rp-mo-br100,John Lemko,8 years ago,6 hours waiting and I saw the doctor for 5 minutes.  I was about to leave after 3 hours in the first waiting room... But to leave you have to see the triage nurse.  Which was a half hour wait. ‚Ä¶,,
https://lh3.googleusercontent.com/a-/ALV-UjXkYGZ12ttbc3yJHjIiNVTAquBEgfWoOvBLhBv0bBQ3hRJcfenQ=w43-h43-p-rp-mo-br100,Karen Billig,4 years ago,"Best nursing staff at the IV Therapy Clinic in the Strathcona Community Hospital! Had to go daily for treatments and each time, the nurses (and the nurse practitioners) were fantastic. Very sweet and helpful. Made the experience much more pleasant. Thank you!",,
https://lh3.googleusercontent.com/a/ACg8ocLr_nZ9hSGAQWWhrVIFhMupJYSBgeuGlb7N-C99lRpxezpptg=w43-h43-p-rp-mo-br100,rebekah wilkie,8 years ago,"Uhm, what a joke.
I came here at about 10:30am due to bleeding and being 10 weeks pregnant. I wasn't called back to a room until 11:30, no one came in to see me until 12:45 - a ‚Ä¶",,
https://lh3.googleusercontent.com/a-/ALV-UjURfX4Td0koBm1dA8ReXcMt0670jzfU80ymhcPU3vwlyc1FvIXw=w43-h43-p-rp-mo-ba3-br100,Gary Cromwell,7 years ago,"Were sitting here as my wife is pregnant with my first baby for over three hours in our room. Not a single person (doctor or nurse) has come to our room. I had to go out and ask why we haven't been seen yet. ""Its an emergency department"" I ‚Ä¶",,
https://lh3.googleusercontent.com/a/ACg8ocLB1UXpJWc9YLGY_oiRqNTRho9uyg6rlbOnEDIkyHY8SoyN-g=w43-h43-p-rp-mo-br100,1stshelly,8 years ago,I think they forgot about me in the room.  The nurse was rude and yanked the  IV needle out of my arm.  It turns out I did not need the IV in my arm as they never used it for anything.  It was in for 3 hours.  I finally demanded they ‚Ä¶,,
https://lh3.googleusercontent.com/a-/ALV-UjW3EiV-ywPkaLqUlckP8OKCdboHnWbqM0pfOX1ZdLP7GAqjg5yI=w43-h43-p-rp-mo-br100,Karlee McEwen,2 years ago,I waited 5 hours when they took everyone else who came if after me before me. It was a hour wait when I got there.  And I wasn‚Äôt the only one there were doing that to.  I could t stop puking and they left me.    Terrible staff imo.  The ‚Ä¶,,
https://lh3.googleusercontent.com/a/ACg8ocLgxOUGyAEPH8mPB_C0L_iXZ_wSXE_44hJWR__yAlPCfzRPRQ=w43-h43-p-rp-mo-ba2-br100,Marsha Wakefield,8 years ago,"Horrible, Horrible, Horrible - Stay away!  The posted wait time is not accurate.  Went in with excrutiating lower back pain and was unable to walk without assistance.  Only T3 could numb the pain. Waited almost 5 hours and never saw a ‚Ä¶",,
https://lh3.googleusercontent.com/a/ACg8ocJd1nQGhWWonhfl0v1DHQJPwCKbK_GdPV0KsodJ-tloFcfEdQ=w43-h43-p-rp-mo-br100,Breyanna Mackenzie,5 years ago,"I don‚Äôt have much to complain about this hospital other than the wait time is really long. I had injured my finger in a truck door, and it took 3hrs before I saw a doctor. The staff was really nice and it was a clean safe environment. They just have long wait times for an emergency room",,
https://lh3.googleusercontent.com/a-/ALV-UjU5fiWeLBZEjPGO4FOMwLYk2uDHgnqgNq6EWzcfLTMdjPLjUlw=w43-h43-p-rp-mo-br100,Natasha Romanchuk,8 years ago,"Extremely disappointed. First time I went It said 30 min wait. However,  I waited about 3 hours in the waiting room then finally got to a room. In the room I waited another 3 hours. The dr came in and said ""sorry for the wait they lost you ‚Ä¶",,
https://lh3.googleusercontent.com/a-/ALV-UjWctTMQWWNiqkCXlMZK33vMrIXfLWavb7mU4_JfsW7yPrlCnE5q=w43-h43-p-rp-mo-br100,Bonnie Johnson,2 years ago,"Doctors, nurses, and staff are highly intelligent, knowledgeable, efficient, caring, qualified‚Ä¶ I truly thank you for your tireless work in an environment  that doesn‚Äôt always appreciate or trust your expertise.  I want you all to know that your life‚Äôs work does not go unnoticed.",,
https://lh3.googleusercontent.com/a/ACg8ocLmGKKnL6JbWzlT9C8Gh9d789eRoSbzn-bTEwKg2e3CCxbWhA=w43-h43-p-rp-mo-br100,Barb,a year ago,"I was badly beat up, after waiting a long time, the doctor came in and I told him what happened and he said he would have the police  come in and then I told him where I was really sore and all he did was push on it. I went through the roof and then he sends the nurse in and she sent me home. Terrible,  terrible service. Awful",,
https://lh3.googleusercontent.com/a/ACg8ocJ_XgHWmWLA-c6PrrEG-Jr0p3TRpeHxE9hJ3aqMvofZoMfpdg=w43-h43-p-rp-mo-br100,Brady Fiddler,2 years ago,The worst hospital I have been to. Been waiting in a back room for over 5 hours. I have seen the nurse once and the doctor refers to me as the cut finger guy. Then walks away as I'm trying to ask him something. No respect or sense of ‚Ä¶,,
https://lh3.googleusercontent.com/a/ACg8ocJbsg5aaZhD_CJOYLTFgYDQQSSV9FKZBGqbmB3ILnuqjSvEXw=w43-h43-p-rp-mo-br100,Tim K,9 years ago,Terrible!! Go anywhere else. They left me and my little daughter waiting almost 6 hours. They don't care how long you wait! It wasn't even busy and it wasn't a weekend. Any other business and they would all be fired!!!  I would be ‚Ä¶,,
https://lh3.googleusercontent.com/a/ACg8ocKP2SBP7JCcw-9u8eczxOkDtbOPfBQR130iNVSpCy1m81YT_gU=w43-h43-p-rp-mo-br100,Rick B.,3 years ago,I have been reluctant to post a neg. review since I wanted to give them the benefit of the doubt. Since the facility opened  my family has had occasion to use their Emerg. Dept. a total of 4 times.  I can say without reservation that ‚Ä¶,,
https://lh3.googleusercontent.com/a-/ALV-UjVRpWilOHJjpB6LRVwum37CpOy6jujCm4H6jcYxr3uc9upcBFyj=w43-h43-p-rp-mo-br100,Bb Gunner,7 years ago,Been there a lot - two kids and two 89 year old parents in my house.  Always glad to have such a modern and convenient facility in Sherwood Park.  Always received best care possible and was treated with consideration and respect.  It is ‚Ä¶,,
https://lh3.googleusercontent.com/a-/ALV-UjVuVFd8HLlLukqVS52p1Xm4r_-si6qDsjYPAoCcdQ0uf4ZOLDQ=w43-h43-p-rp-mo-ba2-br100,Teyair Colmenares,2 years ago,"I went to the hospital with abdominal pain. I waited 6 hours to hear doctor said it‚Äôs nothing we can do. Laboratory are normal. He didn‚Äôt make an ultra sound that is a first diagnosis test to do, even do the laboratory test are negative. ‚Ä¶",,
https://lh3.googleusercontent.com/a-/ALV-UjVf01rSrLVeYU7IV0KqBVGKygrX0hkVEHB8P546SlRBchpqSSXHZQ=w43-h43-p-rp-mo-br100,Abi Rose,3 years ago,Unfortunately had to make 2 trips to this hospital in the last year but I am so fortunate that it is my closest one. Such kind and compassionate staff. So helpful and there with a kind word and reassurance. Great at their jobs from bedside manner to treatment. I will not go to another emergency room in the city if I can help it.,,
https://lh3.googleusercontent.com/a/ACg8ocL0pyaRwF_PX1-5KUUJJlyRm_qtOpSsiPjkRPBp7JamU-JhBXDQ=w43-h43-p-rp-mo-ba3-br100,Abraham Boudi,3 years ago,"i just had CT scan here.  amazing people in that department . they treat patients like kings . especially the guy that welcomed me and at 11:30 am and took me to the door when i finished and he said "" you're a good patient today"" i would like to say you are a good Healthcare worker too. sorry i forgot the name",,
https://lh3.googleusercontent.com/a-/ALV-UjVd6_q6xcPy5ViIIkLe5rMegmPnwhOjPD-vMwM5cjSanBcrYZzBFw=w43-h43-p-rp-mo-ba3-br100,Ocean Ebinger,6 years ago,Came into emergency last night after being pushed to the side for 3 hours (with an expected wait time of another 3 hours) at North East Emerg in Edmonton. Wait times were short and every single staff member I interacted with was absolutely ‚Ä¶,,
https://lh3.googleusercontent.com/a/ACg8ocIlnhWwgjY2t-uhYiv6QhyuVyNUYIuRsTOpKD7Z5gEdl5j4Pg=w43-h43-p-rp-mo-br100,Kirk Mitchell,6 years ago,"The staff in the Emergency and Imaging departments were excellent to deal with during a recent health scare in the family. There were some critical cases causing some wait times for us (totally understandable), but at no time did we feel neglected.",,
https://lh3.googleusercontent.com/a-/ALV-UjWRL2UTP2PSscLIaxAB-CC18c_s32qvSRSpuzm3amJgnrx1D7Y5sw=w43-h43-p-rp-mo-br100,Ross Peters,3 years ago,Extremely happy to have this hospital in the park. Close to home and the two times a have been in emergency I have never had an issue. Staff are amazing. Couldn‚Äôt ask for more. Thanks to all staff for always working hard and taking great care of all your patients.,,
https://lh3.googleusercontent.com/a-/ALV-UjXj-gAIIdq2TX0ylScBr4QfLI_vTx3pzPTw1u1Z-1_-6tanm7QY=w43-h43-p-rp-mo-br100,Jacky den Haan,6 years ago,"Bad experience here - had a fractured ankle, saw 3 different doctors here, each said different things about the injury. Received no information about how it would heal and treatment plan. The beds, however, are very comfortable if you need a good nap.",,
https://lh3.googleusercontent.com/a/ACg8ocKF70GJ4Pl66rBMNkRUP3gLu_ZbzZwHpgfNAJE9rq-GoWSkdA=w43-h43-p-rp-mo-br100,Kayla Durec,5 years ago,Went there with my boyfriend who had just been discharged from the military and moved here from Ontario. He had yet to get his alberta health care but was in excruciating pain from kidney stones. As soon as we were admitted into the ‚Ä¶,,
https://lh3.googleusercontent.com/a-/ALV-UjV-PsV6UUSYDPVD53KL-qlQxGYxMHkN8Qb6rxBASHTWtsuXXFMo=w43-h43-p-rp-mo-br100,Inna,5 years ago,Horrible stuff and horrible treatment of patients. Nurses are rude and very inexperienced in what they do. IV was extremely painful. One RN told me that they have sick people here and they cant do anything. Well i wouldn't have come to ER if i was ok. Worst ER experience ever. Avoid this one.,,
https://lh3.googleusercontent.com/a/ACg8ocJ9wlMy70JR8OQo8HD7JIR0r8QKbOOAwljRAqvDbp3hKuWGQA=w43-h43-p-rp-mo-br100,Jeff Ambrosio,6 years ago,"Met some AWESOME PEOPLE at the Diagnostic department (Lynn, Gordon, Andrea & Bailey).  What I thought would be uncomfortable actually turned out to be a pleasant experience.  They explained everything that was going to happen during the procedure and made me laugh & smile.  Thumbs up to these Healthcare Workers!",,
https://lh3.googleusercontent.com/a-/ALV-UjXnw14sih3udUPNugWa8nXDnY-YE57dSKBxilBoPo0Kv7Qb2NWP=w43-h43-p-rp-mo-br100,Brian Sandberg,4 years ago,"Nothing special about triage.  Same kind of waiting your expect from any other ER.  I can only praise the therapists....Visited me in the ER in a timely manner.  Caring, informed and by no means, ""Just doing there job"".  They get 5 stars.  As for the ER and triage.  1!",,
https://lh3.googleusercontent.com/a-/ALV-UjVpQu6K2UR3gau53tUN6XE80BY4yKUY3h_D1S0jzvmC90Mda3AF=w43-h43-p-rp-mo-ba3-br100,Kirra Kent,5 months ago,update: this hospital has significantly improved since we were here last. Extremely compassionate care staff.,,
https://lh3.googleusercontent.com/a-/ALV-UjXhaA31qeMECz_oevVJqyHooBgLmmH4lRKm4pBXIn6liNKovVKPcQ=w43-h43-p-rp-mo-br100,Maddi Rose,8 years ago,It's very clean and staff can be friendly.. when they're not joking around and socializing at their desks.. very unprofessional. I've been waiting I my room for almost an hour and no one has come to check up on my. Pretty sure if I stopped breathing no one would notice until it would be too lait.. I wouldn't recommend this hospital,,
https://lh3.googleusercontent.com/a/ACg8ocJmqGZcLO6mDjPX3vd74m-IwPDobdYzZ9zogW5rikCM-zpSXg=w43-h43-p-rp-mo-br100,Kristen S,6 years ago,"The experience I had getting my CT Scan was fanatastic. From the very first minute I arrived Gordon helped me to feel much more relaxed especially after my week full of anticipation and anxiety. He made me laugh the entire time I was there, Stand up guy, and great team there overall! Thank you.",,
https://lh3.googleusercontent.com/a/ACg8ocIsOv7gGO_Dcvz0sPDrUhO9W_lPdgHronhd7O9s5RIW4fsk7A=w43-h43-p-rp-mo-br100,Selena Faith,a year ago,Was told by my doctor to go to urgent care for a large cyst. I waited 8 hours just for the doctor to refuse to do it because he was to ‚Äúscared‚Äù. Absolutely in disbelief. 8 hours?!?!?!,,
https://lh3.googleusercontent.com/a/ACg8ocI66fPL_Ttta0f0Hv5kuTWtJ_0SMY0mfJyKU7wzWlbloU4nmvE=w43-h43-p-rp-mo-ba4-br100,Sal Mus,4 years ago,"So alberta health service website says 32mins wait time, you get here and the emerge nurse is writing down patient names on a clip board; we are #9 on the list to be checked in! Not at all accurate time compared to what actually is. So we ‚Ä¶",,
https://lh3.googleusercontent.com/a/ACg8ocJgvOE-WrXt6Ai1cYrsfW4ROD1t5yiSs8BcLY1GeAE9sUL_=w43-h43-p-rp-mo-br100,Shantyl segin,6 years ago,My daughter who is 3 split her head open. 4 plus hrs sitting there trying to keep her calm and relaxed. Absolutely unacceptable. Cant say i will bring any of my kids here anymore. Shes freaked out enough the fact she has blood all over her ‚Ä¶,,
https://lh3.googleusercontent.com/a/ACg8ocL6fVZxGt6yD7QhvqwyT78o7EgbRyd9NWOEyoXQweJ4FzkXCA=w43-h43-p-rp-mo-br100,Daniella Ongaro,4 years ago,"Extremely poor triage (especially for mental health). Waited from 10pm until 6am with an acute mental health crisis and were not directed to go elsewhere. Also went in with an acute leg injury which they didn‚Äôt even X-ray, told me it was a ‚Ä¶",,
https://lh3.googleusercontent.com/a-/ALV-UjWV02rtBiIVeC27QGYJYwzt73dupZ2BYVfWocleuzFbRnXabnql=w43-h43-p-rp-mo-br100,Nick Cappella,8 years ago,Service is so slow. We have been here a bunch of times and everytime everything takes forever. Nurses all seem to sit around chatting while everyone is waiting and getting frustrated. Go to a different hospital even if the wait times online show a longer wait it will be faster than this place.,,
https://lh3.googleusercontent.com/a/ACg8ocJ7bokAihsoqdAnl52KIZ_mYcl2QLhNKktGYJzc0zSrd5ly1Q=w43-h43-p-rp-mo-br100,Dubsport Inc,5 years ago,"Went to the hospital with a lor of pain Dr Luc Kazimirski, he was caring, compassionate and took the time to explain everything. I left there assure dand went to get my prescription and sure enough 20 minutes after taking the steroids I ‚Ä¶",,
https://lh3.googleusercontent.com/a-/ALV-UjUp6y6e9XsUHe9gleUoIGvQGaRru1mmY5CFz-ZGfl0rFQJL9cQ=w43-h43-p-rp-mo-br100,Ron Lyons,6 years ago,"Very pleasant, positive and professional staff. It made my CT Scan a pleasure to go through. They took care of everything quickly and communicated all of the steps to me as we progressed to get the CT Scan. Thank you all so much!!",,
https://lh3.googleusercontent.com/a/ACg8ocKdT7G4pCxc4C33s3H3GJhte-XqOUbzI9RZbsP2-QvHcWbQKg=w43-h43-p-rp-mo-br100,Sandra Bitz,3 years ago,The front staff and nurse was very nice . But the Doctors were no help and took 4 hours .Left there went to Fort Saskatchewan where they treated you like a person.,,
https://lh3.googleusercontent.com/a-/ALV-UjU656NUVd2hL3iIUlfHmiQt7fa8yLVnSY89VlM2TBbo4ldoIoo=w43-h43-p-rp-mo-br100,Jacqueline,3 years ago,"Had a horrible experience, came in with 2nd degree burn and I have darker skin, every doctor/nurse told me I was ‚Äúfine‚Äù and to put polysporin on it and that it wouldn‚Äôt scar or get worse, the nurse put the sticky part of the Bandage RIGHT ‚Ä¶",,
https://lh3.googleusercontent.com/a/ACg8ocLi2WHvQFlwU7noajjBO_jJa2cTbcE9JOng2D797Q3TkrlCog=w43-h43-p-rp-mo-br100,Laura Perez,6 years ago,My Dad went in for a CT Scan. Very pleasant experience. Even though he was very nervous the staff made him feel comfortable and was very friendly. Great environment and great people,,
https://lh3.googleusercontent.com/a/ACg8ocLJv9Vrrw6Vkpha3kSXwaGi--hj3iWLbRd4hDOGJu-9GCka3w=w43-h43-p-rp-mo-br100,Douglas Anderson,6 years ago,"A great experience from the convenient, free parking to the friendly informative staff, professional yet interactive. All this making the primary reason for the visit,  my Wife getting a C.T. scan, as stress free as could be. Thanks again.",,
https://lh3.googleusercontent.com/a-/ALV-UjU4FcjSdDoqIwxj2K3S8_2n8Bh0eMXWzHN_Q0uplvK85AI6MYvq=w43-h43-p-rp-mo-ba2-br100,Ex Husband,6 years ago,"Fraser, Gordon, and Nicole in diagnostic imaging were all extremely courteous and the patient care was exceptional! If I need more tests/scans done in the future I hope to come back to this facility.",,
https://lh3.googleusercontent.com/a-/ALV-UjVEbsHxDfwm7p0Qvvky5EMLP_Lr2G5sfdtwpLDc9dJPC7KZDKXJ=w43-h43-p-rp-mo-br100,Ravi Shah,2 years ago,worst hospital in sherwood park there emergency department is very perfect if you wanna die soon We we‚Äôre in emergency department at 10:30 pm and waiting till 6:00 am nurse came took the blood test after 45 min for urine test they didn‚Äôt ‚Ä¶,,
https://lh3.googleusercontent.com/a/ACg8ocJzmqkhwW87UY-cXeo5lU9fA0ss5MWwOsbK8NsHeBHylUFFSw=w43-h43-p-rp-mo-br100,salvador granadeno,6 years ago,"My brother and law Jose platero went for a CT scan.staff was excellent they made us feel at home,I highly recommend .Gordon and his colleagues , were friendly and professional. ‚Ä¶",,
https://lh3.googleusercontent.com/a/ACg8ocLsvZMnDWB1vPDIzcpMdx_l3ftOuGHRteBjZtcmaVmgPCfJ1w=w43-h43-p-rp-mo-br100,Petra Aberdeen,6 years ago,The staff was amazing today my husband hasn't seen a doctor in about 25 years and he got an infection in his face we went to the emergency and he had such amazing experience they made him feel comfortable gave him antibiotics in iv  and ‚Ä¶,,
https://lh3.googleusercontent.com/a/ACg8ocKuEIsGZ1UZqldb51V5TWvo8b4aMou7p6kTNb8xftRupTgVzg=w43-h43-p-rp-mo-br100,Trevor Quinton,5 years ago,Their Rheumatologist Dr. J. Soo is amazing. He listens to everything you have to say which is such a welcome change. All of the admin staff are also super welcoming and easy to talk to.,,
https://lh3.googleusercontent.com/a/ACg8ocL8DOnSTbdqNZwhfdSBZGzx5z-w2T4yR50Uds7n8NlOeaXlww=w43-h43-p-rp-mo-br100,Mindy MacSween,6 years ago,"Wonderful calming experience at the CT scan department, Gordon and Jolene are the staff there and they made everything so much easier!  Fast and friendly services.",,
https://lh3.googleusercontent.com/a-/ALV-UjV8Jd_NxiuwmytZx6fTPLJxnm7EtCVO4KYeX0DKY300l0txMSm2=w43-h43-p-rp-mo-br100,Shyanne Rae,5 years ago,Sat in the waiting room for 3 hours when the wait time said an hour online. Then got taken into a room and have been in here for another hour still with no dr. With agonizing pain not impressed ready to cry,,
https://lh3.googleusercontent.com/a/ACg8ocIPy9FEU3YQf4IclAxrLi24Z6aTG37D6YSGhGC_hWr4fayBYg=w43-h43-p-rp-mo-br100,Angel Terrault,2 years ago,Was treated wonderfully there by doctors and nursing staff and and the wait wasn‚Äôt very long. Definitely worth the trip.,,
https://lh3.googleusercontent.com/a-/ALV-UjX05oot1OfvgQ2bnUCMGdDiCz5YAwlz7WLrcY3zPveraoHVh9q4=w43-h43-p-rp-mo-br100,Lowell Steinhauer,3 years ago,St.paul told me i was fine after a rollover.. i came here and sure enough fractured c1 c2 was in a brace for 2 months and still feel it till this day..,,
https://lh3.googleusercontent.com/a-/ALV-UjV6MBLcmTzUjVvWqWN0fv_Y7Iqc5wQRfxS93_xX-zCZPlIvzms=w43-h43-p-rp-mo-ba3-br100,Iryna Vynnytska,10 months ago,"I greatly appreciate the Emergency team. You are amazing!""",,
https://lh3.googleusercontent.com/a/ACg8ocJuSB1iOF7j0xjYcf386FmhDjwblu0ppbC4OyFEpa5T1VbyMA=w43-h43-p-rp-mo-br100,Muni Gounder,a year ago,Why even it gets reviewed when nothing wil change.  Been 8 hours stil no doctor,,
https://lh3.googleusercontent.com/a-/ALV-UjVsq_AXLhIZraTiFJxZamVQl0c4MZHEibNQfqiGjajUfAXbpSPs=w43-h43-p-rp-mo-ba3-br100,Kevin Yetman,3 years ago,The nurses are angles. Thanks so much for your help. You are the backbone of this hospital.,,
https://lh3.googleusercontent.com/a/ACg8ocLLd_-qTuJ7T5DPPw-z-DkNUq8vbX3-r3cV1MXqanxJtfFzvw=w43-h43-p-rp-mo-br100,Margaret Burns,7 years ago,Very efficient and clean.    We are very luck to have this facility here in Sherwood Park,,
https://lh3.googleusercontent.com/a-/ALV-UjVgo06UBZhWJScj9nyhhRy0GXtIvuNAJovSjzGigGg1yrq6UKI=w43-h43-p-rp-mo-br100,Barret R,6 years ago,garbage healthcare and long wait times. go to a real hospital where they have more then 1 doctor on at night in the ER,,
https://lh3.googleusercontent.com/a-/ALV-UjVMdwQVVbAEmkKanmwwqwFWLIQqoZsCViI3DS49N-sb5rtV3LUl=w43-h43-p-rp-mo-ba4-br100,ruby athwal,6 months ago,Staff is very helpful,,
https://lh3.googleusercontent.com/a/ACg8ocL6vh1A5DQWtn1Buk3uta6dKHtsOzoViz8HJrTZaId3JZjdkA=w43-h43-p-rp-mo-br100,Roy Savage,a year ago,Disgraceful the way they treat people.,,
